Subject,Predicate,Object
insat-3d,provides_service,meteorological & oceanographic satellite data archival centre skip to main content -a a +a aa हिन्दी...
insat-3dr,provides_service,meteorological & oceanographic satellite data archival centre skip to main content -a a +a aa हिन्दी...
scatsat-1,provides_service,meteorological & oceanographic satellite data archival centre skip to main content -a a +a aa हिन्दी...
meghatropiques,provides_service,meteorological & oceanographic satellite data archival centre skip to main content -a a +a aa हिन्दी...
insat-3d,provides_service,insat-3dr | meteorological & oceanographic satellite data archival centre skip to main content -a a...
insat-3dr,provides_service,insat-3dr | meteorological & oceanographic satellite data archival centre skip to main content -a a...
scatsat-1,provides_service,insat-3dr | meteorological & oceanographic satellite data archival centre skip to main content -a a...
meghatropiques,provides_service,insat-3dr | meteorological & oceanographic satellite data archival centre skip to main content -a a...
insat-3d,provides_service,insat-3d | meteorological & oceanographic satellite data archival centre skip to main content -a a +...
insat-3dr,provides_service,insat-3d | meteorological & oceanographic satellite data archival centre skip to main content -a a +...
scatsat-1,provides_service,insat-3d | meteorological & oceanographic satellite data archival centre skip to main content -a a +...
meghatropiques,provides_service,insat-3d | meteorological & oceanographic satellite data archival centre skip to main content -a a +...
insat-3d,provides_service,insat-3a | meteorological & oceanographic satellite data archival centre skip to main content -a a +...
insat-3dr,provides_service,insat-3a | meteorological & oceanographic satellite data archival centre skip to main content -a a +...
scatsat-1,provides_service,insat-3a | meteorological & oceanographic satellite data archival centre skip to main content -a a +...
meghatropiques,provides_service,insat-3a | meteorological & oceanographic satellite data archival centre skip to main content -a a +...
insat-3d,provides_service,insat-3ds | meteorological & oceanographic satellite data archival centre skip to main content -a a...
insat-3dr,provides_service,insat-3ds | meteorological & oceanographic satellite data archival centre skip to main content -a a...
scatsat-1,provides_service,insat-3ds | meteorological & oceanographic satellite data archival centre skip to main content -a a...
meghatropiques,provides_service,insat-3ds | meteorological & oceanographic satellite data archival centre skip to main content -a a...
insat-3d,provides_service,scatsat-1 | meteorological & oceanographic satellite data archival centre skip to main content -a a...
insat-3dr,provides_service,scatsat-1 | meteorological & oceanographic satellite data archival centre skip to main content -a a...
scatsat-1,provides_service,scatsat-1 | meteorological & oceanographic satellite data archival centre skip to main content -a a...
meghatropiques,provides_service,scatsat-1 | meteorological & oceanographic satellite data archival centre skip to main content -a a...
